<application>
  <component name="SonarLintGlobalSettings">
    <option name="nodejsPath" value="$USER_HOME$/.nvm/versions/node/v16.19.1/bin/node" />
    <option name="rulesByKey">
      <map>
        <entry key="java:S106">
          <value>
            <Rule active="false" key="java:S106" />
          </value>
        </entry>
        <entry key="java:S1066">
          <value>
            <Rule active="false" key="java:S1066" />
          </value>
        </entry>
        <entry key="java:S115">
          <value>
            <Rule active="false" key="java:S115" />
          </value>
        </entry>
        <entry key="java:S120">
          <value>
            <Rule active="false" key="java:S120" />
          </value>
        </entry>
        <entry key="java:S2629">
          <value>
            <Rule active="false" key="java:S2629" />
          </value>
        </entry>
        <entry key="java:S3457">
          <value>
            <Rule active="false" key="java:S3457" />
          </value>
        </entry>
      </map>
    </option>
    <rules>
      <Rule active="false" key="java:S106" />
      <Rule active="false" key="java:S120" />
      <Rule active="false" key="java:S1066" />
      <Rule active="false" key="java:S2629" />
      <Rule active="false" key="java:S3457" />
      <Rule active="false" key="java:S115" />
    </rules>
  </component>
</application>