<keymap version="1" name="LK's Keymap" parent="$default">
  <action id="ActivateTerminalToolWindow">
    <keyboard-shortcut first-keystroke="alt f12" />
    <keyboard-shortcut first-keystroke="meta t" />
  </action>
  <action id="CloseActiveTab">
    <keyboard-shortcut first-keystroke="ctrl w" />
  </action>
  <action id="CloseContent">
    <keyboard-shortcut first-keystroke="ctrl w" />
  </action>
  <action id="CompileDirty">
    <keyboard-shortcut first-keystroke="shift ctrl s" />
  </action>
  <action id="EditorScrollDown" />
  <action id="EditorScrollUp" />
  <action id="EditorSelectWord">
    <keyboard-shortcut first-keystroke="ctrl up" />
  </action>
  <action id="EditorUnSelectWord">
    <keyboard-shortcut first-keystroke="ctrl down" />
  </action>
  <action id="UsageFiltering.WriteAccess" />
  <action id="Vcs.UpdateProject" />
  <action id="org.intellij.plugins.markdown.ui.actions.styling.ToggleStrikethroughAction" />
</keymap>